<?xml version="1.0" encoding="UTF-8"?>
<project-private xmlns="http://www.netbeans.org/ns/project-private/1">
    <editor-bookmarks xmlns="http://www.netbeans.org/ns/editor-bookmarks/2" lastBookmarkId="0"/>
    <open-files xmlns="http://www.netbeans.org/ns/projectui-open-files/2">
        <group>
            <file>file://FSSTU03D/Stu7/Home/Nxu0365/CCLevel04/PROG2240/Assignments/assignment01/LXNXClub/web/styles/main.css</file>
            <file>file://FSSTU03D/Stu7/Home/Nxu0365/CCLevel04/PROG2240/Assignments/assignment01/LXNXClub/web/LXNXDisplayMember.jsp</file>
            <file>file://FSSTU03D/Stu7/Home/Nxu0365/CCLevel04/PROG2240/Assignments/assignment01/LXNXClub/web/LXNXIndex.jsp</file>
            <file>file://FSSTU03D/Stu7/Home/Nxu0365/CCLevel04/PROG2240/Assignments/assignment01/LXNXClub/web/LXNXRegister.jsp</file>
            <file>file://FSSTU03D/Stu7/Home/Nxu0365/CCLevel04/PROG2240/Assignments/assignment01/LXNXClub/web/LXNXBanner.jsp</file>
            <file>file://FSSTU03D/Stu7/Home/Nxu0365/CCLevel04/PROG2240/Assignments/assignment01/LXNXClub/web/WEB-INF/web.xml</file>
        </group>
    </open-files>
</project-private>
